leader,follower,window,computed_ts,best_lag_min,strength
BTC,ETH,1h,2025-11-26 22:17:59.713510 +00:00,0,0.897846
ETH,BTC,1h,2025-11-26 22:17:59.713510 +00:00,0,0.897846
BTC,ETH,4h,2025-11-26 22:17:59.713510 +00:00,0,0.900985
ETH,BTC,4h,2025-11-26 22:17:59.713510 +00:00,0,0.900985
BTC,ETH,1h,2025-11-26 23:33:52.862527 +00:00,0,0.897356
ETH,BTC,1h,2025-11-26 23:33:52.862527 +00:00,0,0.897356
BTC,ETH,4h,2025-11-26 23:33:52.862527 +00:00,0,0.899915
ETH,BTC,4h,2025-11-26 23:33:52.862527 +00:00,0,0.899915
BTC,ETH,1h,2025-11-26 23:37:21.590446 +00:00,0,0.897413
ETH,BTC,1h,2025-11-26 23:37:21.590446 +00:00,0,0.897413
BTC,ETH,4h,2025-11-26 23:37:21.590446 +00:00,0,0.900158
ETH,BTC,4h,2025-11-26 23:37:21.590446 +00:00,0,0.900158
BTC,ETH,1h,2025-11-27 10:49:35.878060 +00:00,0,0.896010
ETH,BTC,1h,2025-11-27 10:49:35.878060 +00:00,0,0.896010
BTC,ETH,4h,2025-11-27 10:49:35.878060 +00:00,0,0.899179
ETH,BTC,4h,2025-11-27 10:49:35.878060 +00:00,0,0.899179
BTC,ETH,1h,2025-11-27 10:53:05.142236 +00:00,0,0.895929
ETH,BTC,1h,2025-11-27 10:53:05.142236 +00:00,0,0.895929
BTC,ETH,4h,2025-11-27 10:53:05.142236 +00:00,0,0.899160
ETH,BTC,4h,2025-11-27 10:53:05.142236 +00:00,0,0.899160
BTC,ETH,1h,2025-11-27 10:53:38.817314 +00:00,0,0.895990
ETH,BTC,1h,2025-11-27 10:53:38.817314 +00:00,0,0.895990
BTC,ETH,4h,2025-11-27 10:53:38.817314 +00:00,0,0.899188
ETH,BTC,4h,2025-11-27 10:53:38.817314 +00:00,0,0.899188
BTC,ETH,1h,2025-11-27 10:54:58.905393 +00:00,0,0.896017
ETH,BTC,1h,2025-11-27 10:54:58.905393 +00:00,0,0.896017
BTC,ETH,4h,2025-11-27 10:54:58.905393 +00:00,0,0.899193
ETH,BTC,4h,2025-11-27 10:54:58.905393 +00:00,0,0.899193
BTC,ETH,1h,2025-11-27 10:56:06.130481 +00:00,0,0.896058
ETH,BTC,1h,2025-11-27 10:56:06.130481 +00:00,0,0.896058
BTC,ETH,4h,2025-11-27 10:56:06.130481 +00:00,0,0.899200
ETH,BTC,4h,2025-11-27 10:56:06.130481 +00:00,0,0.899200
BTC,ETH,1h,2025-11-27 11:06:15.034056 +00:00,0,0.896024
ETH,BTC,1h,2025-11-27 11:06:15.034056 +00:00,0,0.896024
BTC,ETH,4h,2025-11-27 11:06:15.034056 +00:00,0,0.899203
ETH,BTC,4h,2025-11-27 11:06:15.034056 +00:00,0,0.899203
BTC,ETH,1h,2025-11-27 11:09:04.742805 +00:00,0,0.896031
ETH,BTC,1h,2025-11-27 11:09:04.742805 +00:00,0,0.896031
BTC,ETH,4h,2025-11-27 11:09:04.742805 +00:00,0,0.899170
ETH,BTC,4h,2025-11-27 11:09:04.742805 +00:00,0,0.899170
BTC,ETH,1h,2025-11-27 11:10:15.195251 +00:00,0,0.896028
BTC,SOL,1h,2025-11-27 11:10:15.195251 +00:00,0,0.824693
BTC,USDT,1h,2025-11-27 11:10:15.195251 +00:00,0,0.161450
ETH,BTC,1h,2025-11-27 11:10:15.195251 +00:00,0,0.896028
ETH,SOL,1h,2025-11-27 11:10:15.195251 +00:00,0,0.856914
ETH,USDT,1h,2025-11-27 11:10:15.195251 +00:00,0,0.211192
SOL,BTC,1h,2025-11-27 11:10:15.195251 +00:00,0,0.824693
SOL,ETH,1h,2025-11-27 11:10:15.195251 +00:00,0,0.856914
SOL,USDT,1h,2025-11-27 11:10:15.195251 +00:00,0,0.114023
USDT,BTC,1h,2025-11-27 11:10:15.195251 +00:00,0,0.161450
USDT,ETH,1h,2025-11-27 11:10:15.195251 +00:00,0,0.211192
USDT,SOL,1h,2025-11-27 11:10:15.195251 +00:00,0,0.114023
BTC,ETH,4h,2025-11-27 11:10:15.195251 +00:00,0,0.899171
BTC,SOL,4h,2025-11-27 11:10:15.195251 +00:00,0,0.803232
BTC,USDT,4h,2025-11-27 11:10:15.195251 +00:00,0,0.359396
ETH,BTC,4h,2025-11-27 11:10:15.195251 +00:00,0,0.899171
ETH,SOL,4h,2025-11-27 11:10:15.195251 +00:00,0,0.859510
ETH,USDT,4h,2025-11-27 11:10:15.195251 +00:00,0,0.356186
SOL,BTC,4h,2025-11-27 11:10:15.195251 +00:00,0,0.803232
SOL,ETH,4h,2025-11-27 11:10:15.195251 +00:00,0,0.859510
SOL,USDT,4h,2025-11-27 11:10:15.195251 +00:00,0,0.326876
USDT,BTC,4h,2025-11-27 11:10:15.195251 +00:00,0,0.359396
USDT,ETH,4h,2025-11-27 11:10:15.195251 +00:00,0,0.356186
USDT,SOL,4h,2025-11-27 11:10:15.195251 +00:00,0,0.326876
BTC,ETH,1h,2025-11-27 12:10:37.313002 +00:00,0,0.895638
BTC,SOL,1h,2025-11-27 12:10:37.313002 +00:00,0,0.824523
BTC,USDT,1h,2025-11-27 12:10:37.313002 +00:00,0,0.160963
ETH,BTC,1h,2025-11-27 12:10:37.313002 +00:00,0,0.895638
ETH,SOL,1h,2025-11-27 12:10:37.313002 +00:00,0,0.857048
ETH,USDT,1h,2025-11-27 12:10:37.313002 +00:00,0,0.210886
SOL,BTC,1h,2025-11-27 12:10:37.313002 +00:00,0,0.824523
SOL,ETH,1h,2025-11-27 12:10:37.313002 +00:00,0,0.857048
SOL,USDT,1h,2025-11-27 12:10:37.313002 +00:00,0,0.113677
USDT,BTC,1h,2025-11-27 12:10:37.313002 +00:00,0,0.160963
USDT,ETH,1h,2025-11-27 12:10:37.313002 +00:00,0,0.210886
USDT,SOL,1h,2025-11-27 12:10:37.313002 +00:00,0,0.113677
BTC,ETH,4h,2025-11-27 12:10:37.313002 +00:00,0,0.899035
BTC,SOL,4h,2025-11-27 12:10:37.313002 +00:00,0,0.803508
BTC,USDT,4h,2025-11-27 12:10:37.313002 +00:00,0,0.360203
ETH,BTC,4h,2025-11-27 12:10:37.313002 +00:00,0,0.899035
ETH,SOL,4h,2025-11-27 12:10:37.313002 +00:00,0,0.859361
ETH,USDT,4h,2025-11-27 12:10:37.313002 +00:00,0,0.357545
SOL,BTC,4h,2025-11-27 12:10:37.313002 +00:00,0,0.803508
SOL,ETH,4h,2025-11-27 12:10:37.313002 +00:00,0,0.859361
SOL,USDT,4h,2025-11-27 12:10:37.313002 +00:00,0,0.328732
USDT,BTC,4h,2025-11-27 12:10:37.313002 +00:00,0,0.360203
USDT,ETH,4h,2025-11-27 12:10:37.313002 +00:00,0,0.357545
USDT,SOL,4h,2025-11-27 12:10:37.313002 +00:00,0,0.328732
BTC,ETH,1h,2025-11-27 23:11:32.470615 +00:00,0,0.895823
BTC,SOL,1h,2025-11-27 23:11:32.470615 +00:00,0,0.825298
BTC,USDT,1h,2025-11-27 23:11:32.470615 +00:00,0,0.158118
ETH,BTC,1h,2025-11-27 23:11:32.470615 +00:00,0,0.895823
ETH,SOL,1h,2025-11-27 23:11:32.470615 +00:00,0,0.857731
ETH,USDT,1h,2025-11-27 23:11:32.470615 +00:00,0,0.206899
SOL,BTC,1h,2025-11-27 23:11:32.470615 +00:00,0,0.825298
SOL,ETH,1h,2025-11-27 23:11:32.470615 +00:00,0,0.857731
SOL,USDT,1h,2025-11-27 23:11:32.470615 +00:00,0,0.114689
USDT,BTC,1h,2025-11-27 23:11:32.470615 +00:00,0,0.158118
USDT,ETH,1h,2025-11-27 23:11:32.470615 +00:00,0,0.206899
USDT,SOL,1h,2025-11-27 23:11:32.470615 +00:00,0,0.114689
BTC,ETH,4h,2025-11-27 23:11:32.470615 +00:00,0,0.900343
BTC,SOL,4h,2025-11-27 23:11:32.470615 +00:00,0,0.803370
BTC,USDT,4h,2025-11-27 23:11:32.470615 +00:00,0,0.347305
ETH,BTC,4h,2025-11-27 23:11:32.470615 +00:00,0,0.900343
ETH,SOL,4h,2025-11-27 23:11:32.470615 +00:00,0,0.862346
ETH,USDT,4h,2025-11-27 23:11:32.470615 +00:00,0,0.345315
SOL,BTC,4h,2025-11-27 23:11:32.470615 +00:00,0,0.803370
SOL,ETH,4h,2025-11-27 23:11:32.470615 +00:00,0,0.862346
SOL,USDT,4h,2025-11-27 23:11:32.470615 +00:00,0,0.324595
USDT,BTC,4h,2025-11-27 23:11:32.470615 +00:00,0,0.347305
USDT,ETH,4h,2025-11-27 23:11:32.470615 +00:00,0,0.345315
USDT,SOL,4h,2025-11-27 23:11:32.470615 +00:00,0,0.324595
BTC,ETH,1h,2025-11-27 23:15:19.304558 +00:00,0,0.895854
BTC,SOL,1h,2025-11-27 23:15:19.304558 +00:00,0,0.825341
BTC,USDT,1h,2025-11-27 23:15:19.304558 +00:00,0,0.158239
ETH,BTC,1h,2025-11-27 23:15:19.304558 +00:00,0,0.895854
ETH,SOL,1h,2025-11-27 23:15:19.304558 +00:00,0,0.857764
ETH,USDT,1h,2025-11-27 23:15:19.304558 +00:00,0,0.207044
SOL,BTC,1h,2025-11-27 23:15:19.304558 +00:00,0,0.825341
SOL,ETH,1h,2025-11-27 23:15:19.304558 +00:00,0,0.857764
SOL,USDT,1h,2025-11-27 23:15:19.304558 +00:00,0,0.114871
USDT,BTC,1h,2025-11-27 23:15:19.304558 +00:00,0,0.158239
USDT,ETH,1h,2025-11-27 23:15:19.304558 +00:00,0,0.207044
USDT,SOL,1h,2025-11-27 23:15:19.304558 +00:00,0,0.114871
BTC,ETH,4h,2025-11-27 23:15:19.304558 +00:00,0,0.900298
BTC,SOL,4h,2025-11-27 23:15:19.304558 +00:00,0,0.803097
BTC,USDT,4h,2025-11-27 23:15:19.304558 +00:00,0,0.347464
ETH,BTC,4h,2025-11-27 23:15:19.304558 +00:00,0,0.900298
ETH,SOL,4h,2025-11-27 23:15:19.304558 +00:00,0,0.862207
ETH,USDT,4h,2025-11-27 23:15:19.304558 +00:00,0,0.344465
SOL,BTC,4h,2025-11-27 23:15:19.304558 +00:00,0,0.803097
SOL,ETH,4h,2025-11-27 23:15:19.304558 +00:00,0,0.862207
SOL,USDT,4h,2025-11-27 23:15:19.304558 +00:00,240,0.332220
USDT,BTC,4h,2025-11-27 23:15:19.304558 +00:00,0,0.347464
USDT,ETH,4h,2025-11-27 23:15:19.304558 +00:00,0,0.344465
USDT,SOL,4h,2025-11-27 23:15:19.304558 +00:00,-240,0.332220
BTC,ETH,1h,2025-11-27 23:17:56.385836 +00:00,0,0.895848
BTC,SOL,1h,2025-11-27 23:17:56.385836 +00:00,0,0.825343
BTC,USDT,1h,2025-11-27 23:17:56.385836 +00:00,0,0.158260
BTC,XRP,1h,2025-11-27 23:17:56.385836 +00:00,0,0.845424
ETH,BTC,1h,2025-11-27 23:17:56.385836 +00:00,0,0.895848
ETH,SOL,1h,2025-11-27 23:17:56.385836 +00:00,0,0.857766
ETH,USDT,1h,2025-11-27 23:17:56.385836 +00:00,0,0.207072
ETH,XRP,1h,2025-11-27 23:17:56.385836 +00:00,0,0.879751
SOL,BTC,1h,2025-11-27 23:17:56.385836 +00:00,0,0.825343
SOL,ETH,1h,2025-11-27 23:17:56.385836 +00:00,0,0.857766
SOL,USDT,1h,2025-11-27 23:17:56.385836 +00:00,0,0.114845
SOL,XRP,1h,2025-11-27 23:17:56.385836 +00:00,0,0.863292
USDT,BTC,1h,2025-11-27 23:17:56.385836 +00:00,0,0.158260
USDT,ETH,1h,2025-11-27 23:17:56.385836 +00:00,0,0.207072
USDT,SOL,1h,2025-11-27 23:17:56.385836 +00:00,0,0.114845
USDT,XRP,1h,2025-11-27 23:17:56.385836 +00:00,0,0.150882
XRP,BTC,1h,2025-11-27 23:17:56.385836 +00:00,0,0.845424
XRP,ETH,1h,2025-11-27 23:17:56.385836 +00:00,0,0.879751
XRP,SOL,1h,2025-11-27 23:17:56.385836 +00:00,0,0.863292
XRP,USDT,1h,2025-11-27 23:17:56.385836 +00:00,0,0.150882
BTC,ETH,4h,2025-11-27 23:17:56.385836 +00:00,0,0.900286
BTC,SOL,4h,2025-11-27 23:17:56.385836 +00:00,0,0.803273
BTC,USDT,4h,2025-11-27 23:17:56.385836 +00:00,0,0.347455
BTC,XRP,4h,2025-11-27 23:17:56.385836 +00:00,0,0.833270
ETH,BTC,4h,2025-11-27 23:17:56.385836 +00:00,0,0.900286
ETH,SOL,4h,2025-11-27 23:17:56.385836 +00:00,0,0.862243
ETH,USDT,4h,2025-11-27 23:17:56.385836 +00:00,0,0.344423
ETH,XRP,4h,2025-11-27 23:17:56.385836 +00:00,0,0.864752
SOL,BTC,4h,2025-11-27 23:17:56.385836 +00:00,0,0.803273
SOL,ETH,4h,2025-11-27 23:17:56.385836 +00:00,0,0.862243
SOL,USDT,4h,2025-11-27 23:17:56.385836 +00:00,0,0.323497
SOL,XRP,4h,2025-11-27 23:17:56.385836 +00:00,0,0.862385
USDT,BTC,4h,2025-11-27 23:17:56.385836 +00:00,0,0.347455
USDT,ETH,4h,2025-11-27 23:17:56.385836 +00:00,0,0.344423
USDT,SOL,4h,2025-11-27 23:17:56.385836 +00:00,0,0.323497
USDT,XRP,4h,2025-11-27 23:17:56.385836 +00:00,0,0.276757
XRP,BTC,4h,2025-11-27 23:17:56.385836 +00:00,0,0.833270
XRP,ETH,4h,2025-11-27 23:17:56.385836 +00:00,0,0.864752
XRP,SOL,4h,2025-11-27 23:17:56.385836 +00:00,0,0.862385
XRP,USDT,4h,2025-11-27 23:17:56.385836 +00:00,0,0.276757
BTC,ETH,1h,2025-11-27 23:19:46.510021 +00:00,0,0.895839
BTC,SOL,1h,2025-11-27 23:19:46.510021 +00:00,0,0.825328
BTC,USDT,1h,2025-11-27 23:19:46.510021 +00:00,0,0.157812
BTC,XRP,1h,2025-11-27 23:19:46.510021 +00:00,0,0.845406
ETH,BTC,1h,2025-11-27 23:19:46.510021 +00:00,0,0.895839
ETH,SOL,1h,2025-11-27 23:19:46.510021 +00:00,0,0.857754
ETH,USDT,1h,2025-11-27 23:19:46.510021 +00:00,0,0.206590
ETH,XRP,1h,2025-11-27 23:19:46.510021 +00:00,0,0.879733
SOL,BTC,1h,2025-11-27 23:19:46.510021 +00:00,0,0.825328
SOL,ETH,1h,2025-11-27 23:19:46.510021 +00:00,0,0.857754
SOL,USDT,1h,2025-11-27 23:19:46.510021 +00:00,0,0.114359
SOL,XRP,1h,2025-11-27 23:19:46.510021 +00:00,0,0.863266
USDT,BTC,1h,2025-11-27 23:19:46.510021 +00:00,0,0.157812
USDT,ETH,1h,2025-11-27 23:19:46.510021 +00:00,0,0.206590
USDT,SOL,1h,2025-11-27 23:19:46.510021 +00:00,0,0.114359
USDT,XRP,1h,2025-11-27 23:19:46.510021 +00:00,0,0.150701
XRP,BTC,1h,2025-11-27 23:19:46.510021 +00:00,0,0.845406
XRP,ETH,1h,2025-11-27 23:19:46.510021 +00:00,0,0.879733
XRP,SOL,1h,2025-11-27 23:19:46.510021 +00:00,0,0.863266
XRP,USDT,1h,2025-11-27 23:19:46.510021 +00:00,0,0.150701
BTC,ETH,4h,2025-11-27 23:19:46.510021 +00:00,0,0.900307
BTC,SOL,4h,2025-11-27 23:19:46.510021 +00:00,0,0.803339
BTC,USDT,4h,2025-11-27 23:19:46.510021 +00:00,0,0.347124
BTC,XRP,4h,2025-11-27 23:19:46.510021 +00:00,0,0.833246
ETH,BTC,4h,2025-11-27 23:19:46.510021 +00:00,0,0.900307
ETH,SOL,4h,2025-11-27 23:19:46.510021 +00:00,0,0.862275
ETH,USDT,4h,2025-11-27 23:19:46.510021 +00:00,0,0.345625
ETH,XRP,4h,2025-11-27 23:19:46.510021 +00:00,0,0.864776
SOL,BTC,4h,2025-11-27 23:19:46.510021 +00:00,0,0.803339
SOL,ETH,4h,2025-11-27 23:19:46.510021 +00:00,0,0.862275
SOL,USDT,4h,2025-11-27 23:19:46.510021 +00:00,0,0.324993
SOL,XRP,4h,2025-11-27 23:19:46.510021 +00:00,0,0.862415
USDT,BTC,4h,2025-11-27 23:19:46.510021 +00:00,0,0.347124
USDT,ETH,4h,2025-11-27 23:19:46.510021 +00:00,0,0.345625
USDT,SOL,4h,2025-11-27 23:19:46.510021 +00:00,0,0.324993
USDT,XRP,4h,2025-11-27 23:19:46.510021 +00:00,0,0.278372
XRP,BTC,4h,2025-11-27 23:19:46.510021 +00:00,0,0.833246
XRP,ETH,4h,2025-11-27 23:19:46.510021 +00:00,0,0.864776
XRP,SOL,4h,2025-11-27 23:19:46.510021 +00:00,0,0.862415
XRP,USDT,4h,2025-11-27 23:19:46.510021 +00:00,0,0.278372
